name_jw	name_jaccard	name_overlap	name_exact	name_len_ratio	addr_jw	addr_jaccard	state_match	postal_match	country_match	s1_id	sx_id	label
0.910135841170324	0.3333333333333333	0.5	0.0	1.0	0.9827956989247312	0.875	1.0	0.0	1.0	S1-324568151	S2-39489889	1
1.0	1.0	1.0	1.0	1.0	0.921035321035321	0.6666666666666666	1.0	0.0	1.0	S1-548811788	S2-753773305	1
1.0	1.0	1.0	1.0	1.0	1.0	1.0	1.0	0.0	1.0	S1-306354356	S3-910074338	1
0.9297297297297297	1.0	1.0	0.0	0.6486486486486487	0.9449308755760368	1.0	1.0	0.0	1.0	S1-135626981	S3-358886918	1
0.9605263157894737	1.0	1.0	0.0	1.0	0.8868817204301076	0.5	1.0	0.0	1.0	S1-904479856	S3-458171230	1
1.0	1.0	1.0	1.0	1.0	0.9733333333333334	1.0	1.0	0.0	1.0	S1-463470385	S2-93975618	1
0.9789473684210527	0.3333333333333333	0.5	0.0	0.8947368421052632	0.874346592874438	0.875	1.0	0.0	1.0	S1-526964139	S2-370141750	1
0.890909090909091	1.0	1.0	0.0	0.45454545454545453	1.0	1.0	0.0	0.0	1.0	S1-309436280	S3-43399112	1
1.0	1.0	1.0	1.0	1.0	0.7335403726708073	0.75	1.0	0.0	1.0	S1-632812909	S3-696445179	1
0.41203703703703703	0.0	0.0	0.0	0.8888888888888888	1.0	1.0	1.0	0.0	1.0	S1-751442901	S3-543302113	1
0.9619047619047618	1.0	1.0	0.0	0.8095238095238095	0.7810127852310514	0.9	1.0	0.0	1.0	S1-246732269	S2-948592030	1
1.0	1.0	1.0	1.0	1.0	0.7901810352527489	0.9230769230769231	1.0	0.0	1.0	S1-729914991	S2-117507123	1
0.7666666666666666	1.0	1.0	0.0	0.625	0.9870967741935484	1.0	1.0	0.0	1.0	S1-653948096	S2-495344078	1
0.8473389355742297	0.5	0.6666666666666666	0.0	0.6176470588235294	0.9022610722610722	0.6	1.0	0.0	1.0	S1-122297973	S2-766232631	1
1.0	1.0	1.0	1.0	1.0	0.7305586661689686	1.0	1.0	0.0	1.0	S1-972339690	S2-266320578	1
0.8505806451612903	0.5	1.0	0.0	1.0	1.0	1.0	1.0	0.0	1.0	S1-775350452	S3-890846277	1
0.91	0.6666666666666666	1.0	0.0	0.55	0.9866666666666667	1.0	1.0	0.0	1.0	S1-678133875	S3-759829723	1
1.0	1.0	1.0	1.0	1.0	0.7818956841714538	0.8461538461538461	1.0	0.0	1.0	S1-368357600	S2-493361025	1
1.0	1.0	1.0	1.0	1.0	0.0	0.0	0.0	0.0	1.0	S1-282537195	S3-81460012	1
1.0	1.0	1.0	1.0	1.0	0.7492232027946314	0.8333333333333334	1.0	0.0	1.0	S1-307708702	S2-355307662	1
0.9060952380952381	1.0	1.0	0.0	0.84	0.8021799744063333	1.0	1.0	0.0	1.0	S1-436692127	S2-758181196	1
1.0	1.0	1.0	1.0	1.0	1.0	1.0	1.0	0.0	1.0	S1-774051355	S3-156061731	1
0.7998225498225499	0.5	0.6666666666666666	0.0	0.972972972972973	0.9971830985915493	0.7777777777777778	1.0	0.0	1.0	S1-178206037	S3-995897596	1
0.9567481024667931	0.3333333333333333	0.5	0.0	0.9411764705882353	0.0	0.0	0.0	0.0	1.0	S1-239986792	S3-705961678	1
1.0	1.0	1.0	1.0	1.0	1.0	1.0	1.0	0.0	1.0	S1-673040139	S3-107826967	1
1.0	1.0	1.0	1.0	1.0	0.8600212089077413	0.7142857142857143	1.0	0.0	1.0	S1-153612711	S3-871690602	1
0.9277777777777778	1.0	1.0	0.0	0.6388888888888888	0.976068376068376	0.8	1.0	0.0	1.0	S1-286064736	S2-141171537	1
0.9187500000000001	1.0	1.0	0.0	0.59375	0.952046332046332	1.0	1.0	0.0	1.0	S1-850645535	S3-668990981	1
0.9172413793103449	1.0	1.0	0.0	0.5862068965517241	0.8083213887561714	0.75	1.0	0.0	1.0	S1-634152028	S2-221176227	1
1.0	1.0	1.0	1.0	1.0	0.7444444444444445	0.6666666666666666	1.0	0.0	1.0	S1-421783341	S2-724870487	1
0.9882352941176471	0.5	0.6666666666666666	0.0	0.9411764705882353	0.7611510643965005	0.5	1.0	0.0	1.0	S1-703428973	S3-655509611	1
0.6659259259259259	0.5	0.6666666666666666	0.0	0.96	0.6335273921480818	0.2857142857142857	1.0	0.0	1.0	S1-647512804	S3-187537257	1
0.7884841979725701	0.2857142857142857	0.6666666666666666	0.0	0.9069767441860465	1.0	1.0	1.0	0.0	1.0	S1-80960427	S3-318861232	1
0.9563636363636363	1.0	1.0	0.0	0.7818181818181819	0.6845238095238096	0.8	1.0	0.0	1.0	S1-716014742	S3-977628200	1
0.6406938159879337	0.0	0.0	0.0	0.9615384615384616	0.7525814618211515	0.36363636363636365	1.0	0.0	1.0	S1-497653195	S2-360967629	1
0.9703703703703704	1.0	1.0	0.0	0.8518518518518519	0.773634469871029	0.75	1.0	0.0	1.0	S1-601526711	S3-684995946	1
0.9384615384615385	1.0	1.0	0.0	0.6923076923076923	0.8397671568627452	1.0	1.0	0.0	1.0	S1-372903225	S2-126687988	1
1.0	1.0	1.0	1.0	1.0	1.0	1.0	1.0	0.0	1.0	S1-181306265	S3-199616148	1
1.0	1.0	1.0	1.0	1.0	0.8957586618876942	0.7	1.0	0.0	1.0	S1-670697457	S3-544898024	1
0.8590322580645161	0.3333333333333333	1.0	0.0	0.6451612903225806	1.0	1.0	1.0	0.0	1.0	S1-887329419	S3-883811227	1
1.0	1.0	1.0	1.0	1.0	0.7035055889222557	0.8	1.0	0.0	1.0	S1-196317991	S2-532286567	1
0.9018312985571587	1.0	1.0	0.0	0.6415094339622641	0.9456560283687944	1.0	1.0	0.0	1.0	S1-19593330	S3-786023108	1
0.9297297297297297	1.0	1.0	0.0	0.6486486486486487	0.7833649588867805	1.0	1.0	0.0	1.0	S1-250561899	S3-798464772	1
0.9180384250474383	0.3333333333333333	0.5	0.0	0.9411764705882353	0.8089171122994653	0.2	1.0	0.0	1.0	S1-161210403	S3-210777351	1
1.0	1.0	1.0	1.0	1.0	0.6897401433691757	1.0	1.0	0.0	1.0	S1-967596100	S3-700913009	1
0.8651657706093191	0.4	0.6666666666666666	0.0	0.96875	0.9730337078651685	1.0	1.0	0.0	1.0	S1-81006101	S2-179463928	1
0.7413793103448275	1.0	1.0	0.0	1.0	0.7382471329839752	0.5	1.0	0.0	1.0	S1-876648601	S3-292123830	1
1.0	1.0	1.0	1.0	1.0	1.0	1.0	1.0	0.0	1.0	S1-472770480	S2-674441628	1
0.8593103448275862	1.0	1.0	0.0	0.725	0.0	0.0	0.0	0.0	1.0	S1-49535321	S2-167710104	1
1.0	1.0	1.0	1.0	1.0	0.9874999999999999	1.0	1.0	0.0	1.0	S1-34441801	S3-575404305	1
0.5840803507164823	0.0	0.0	0.0	0.9354838709677419	0.9791044776119403	1.0	1.0	0.0	1.0	S1-247132924	S3-275598195	1
0.935977564102564	0.75	1.0	0.0	0.8205128205128205	1.0	1.0	1.0	0.0	1.0	S1-173906255	S3-566253607	1
0.6504977375565612	0.0	0.0	0.0	0.9615384615384616	0.7964641080312722	0.875	1.0	0.0	1.0	S1-74338892	S3-28381017	1
0.9333333333333333	1.0	1.0	0.0	0.6666666666666666	0.810359231411863	0.8	1.0	0.0	1.0	S1-722435697	S2-713755561	1
0.8666666666666666	1.0	1.0	0.0	0.3333333333333333	1.0	1.0	1.0	0.0	1.0	S1-643639852	S2-265578967	1
0.95	1.0	1.0	0.0	0.75	0.9553694581280789	0.5	1.0	0.0	1.0	S1-162987976	S2-604587903	1
1.0	1.0	1.0	1.0	1.0	0.945	0.5	1.0	0.0	1.0	S1-2169715	S3-907464095	1
1.0	1.0	1.0	1.0	1.0	0.8184017350684017	1.0	1.0	0.0	1.0	S1-829983869	S3-795014375	1
0.9304347826086957	1.0	1.0	0.0	0.6521739130434783	0.9880952380952381	0.6	1.0	0.0	1.0	S1-677544297	S3-622490878	1
0.9001626016260162	0.6	0.75	0.0	0.7317073170731707	1.0	1.0	1.0	0.0	1.0	S1-141729586	S2-833840714	1
0.9578947368421054	1.0	1.0	0.0	0.7894736842105263	0.9773737373737373	0.6666666666666666	1.0	0.0	1.0	S1-961723116	S2-162259320	1
1.0	1.0	1.0	1.0	1.0	0.9656250000000001	1.0	1.0	0.0	1.0	S1-240050566	S3-886077092	1
0.936842105263158	0.3333333333333333	0.5	0.0	1.0	0.9696969696969697	0.75	1.0	0.0	1.0	S1-364282301	S3-319087531	1
0.813237851662404	0.6666666666666666	1.0	0.0	0.92	0.9091269841269841	1.0	1.0	0.0	1.0	S1-835425265	S3-847076297	1
0.8622222222222221	0.3333333333333333	0.5	0.0	1.0	0.6851936388590524	1.0	1.0	0.0	1.0	S1-12662811	S3-887362845	1
0.5594362745098039	0.0	0.0	0.0	0.9411764705882353	1.0	1.0	1.0	0.0	1.0	S1-8068264	S3-159665542	1
1.0	1.0	1.0	1.0	1.0	0.8125939849624061	0.8888888888888888	1.0	0.0	1.0	S1-185757923	S3-45322865	1
0.9277777777777778	1.0	1.0	0.0	0.6388888888888888	1.0	1.0	1.0	0.0	1.0	S1-272091966	S3-135637278	1
0.91	1.0	1.0	0.0	0.55	0.902139037433155	0.5	1.0	0.0	1.0	S1-713886955	S2-933262322	1
0.7589285714285715	1.0	1.0	0.0	1.0	0.9519489247311829	0.6	1.0	0.0	1.0	S1-909481393	S3-244969277	1
0.9575757575757576	0.8	1.0	0.0	0.7878787878787878	0.6990740740740741	0.4444444444444444	1.0	0.0	1.0	S1-906281937	S3-220915931	1
0.9794871794871794	1.0	1.0	0.0	0.8974358974358975	1.0	1.0	1.0	0.0	1.0	S1-453939454	S2-48845776	1
0.9365853658536586	1.0	1.0	0.0	0.6829268292682927	0.9259661835748793	0.7142857142857143	1.0	0.0	1.0	S1-548281154	S3-440499728	1
0.8020833333333334	0.0	0.0	0.0	0.5	1.0	1.0	1.0	0.0	1.0	S1-907068489	S2-637422687	1
1.0	1.0	1.0	1.0	1.0	0.7652476972865322	0.8181818181818182	1.0	0.0	1.0	S1-328371553	S3-484859365	1
0.7319943019943019	0.0	0.0	0.0	0.7222222222222222	0.8341700819672131	1.0	1.0	0.0	1.0	S1-804663373	S2-498698607	1
0.9285714285714286	0.0	0.0	0.0	0.6428571428571429	1.0	1.0	1.0	0.0	1.0	S1-162875698	S2-163324008	1
0.5553447185325743	0.0	0.0	0.0	0.9117647058823529	0.6176229508196721	0.42857142857142855	1.0	0.0	1.0	S1-422926253	S3-182229658	1
0.9904761904761905	1.0	1.0	0.0	0.9523809523809523	0.9747747747747748	0.8	1.0	0.0	1.0	S1-953955613	S2-367291274	1
1.0	1.0	1.0	1.0	1.0	1.0	1.0	1.0	0.0	1.0	S1-891539767	S3-685610778	1
0.7952380952380952	0.5	1.0	0.0	1.0	0.5952058402950252	0.3333333333333333	1.0	0.0	1.0	S1-648894561	S3-829470335	1
1.0	1.0	1.0	1.0	1.0	0.9293093093093093	0.625	1.0	0.0	1.0	S1-798293084	S3-960706864	1
0.8906451612903226	0.5	1.0	0.0	0.8857142857142857	0.9396661367249602	1.0	1.0	0.0	1.0	S1-149302771	S2-373866130	1
0.9066348821879168	0.5	0.6666666666666666	0.0	0.9534883720930233	1.0	1.0	1.0	0.0	1.0	S1-265509045	S3-116440988	1
1.0	1.0	1.0	1.0	1.0	0.9451310861423221	0.6666666666666666	1.0	0.0	1.0	S1-998207330	S3-22876120	1
0.9058823529411765	1.0	1.0	0.0	0.5294117647058824	0.9863157894736843	1.0	1.0	0.0	1.0	S1-721423097	S3-999713742	1
0.9299999999999999	1.0	1.0	0.0	1.0	0.7962962962962963	0.8888888888888888	1.0	0.0	1.0	S1-218518704	S3-375483340	1
0.9483076923076924	0.6666666666666666	1.0	0.0	0.9615384615384616	1.0	1.0	1.0	0.0	1.0	S1-219518763	S2-79889700	1
0.9111111111111111	1.0	1.0	0.0	0.5555555555555556	0.8297048264858397	1.0	1.0	0.0	1.0	S1-198783696	S3-203242964	1
1.0	1.0	1.0	1.0	1.0	0.8975135135135136	0.7142857142857143	1.0	0.0	1.0	S1-636300381	S2-919381302	1
1.0	1.0	1.0	1.0	1.0	0.5368487031445874	0.4166666666666667	1.0	0.0	1.0	S1-426144880	S3-667501013	1
1.0	1.0	1.0	1.0	1.0	0.0	0.0	0.0	0.0	1.0	S1-75818960	S3-146164811	1
1.0	1.0	1.0	1.0	1.0	0.8039506172839506	1.0	1.0	0.0	1.0	S1-884751359	S3-57491380	1
1.0	1.0	1.0	1.0	1.0	0.788235294117647	0.8	1.0	0.0	1.0	S1-779459524	S3-327052827	1
0.9380952380952381	1.0	1.0	0.0	0.6904761904761905	0.7329535756955111	0.8333333333333334	1.0	0.0	1.0	S1-118834288	S2-962416037	1
0.6337076140997709	0.0	0.0	0.0	0.9629629629629629	0.7843684691745038	1.0	1.0	0.0	1.0	S1-126393436	S2-79357125	1
0.9145382395382395	1.0	1.0	0.0	0.9166666666666666	0.9697447447447448	1.0	1.0	0.0	1.0	S1-740943681	S2-483845663	1
0.7436507936507937	1.0	1.0	0.0	1.0	1.0	1.0	1.0	0.0	1.0	S1-183607353	S3-594009706	1
0.8023809523809524	0.5	0.6666666666666666	0.0	1.0	0.9927536231884058	0.7142857142857143	1.0	0.0	1.0	S1-908932165	S3-811500798	1
1.0	1.0	1.0	1.0	1.0	0.7860011883541296	0.5	1.0	0.0	1.0	S1-349655389	S3-821857823	1
